id,ordem,modelo,estrategia,verdadeiro_negativo,falso_positivo,falso_negativo,verdadeiro_positivo,taxa_falso_negativo,lucro,lucro_por_registro,acuracia,precisao,recall,f1_score,roc_auc,pr_auc,fold_externo,registros_teste,proporcao_inadimplentes_teste
logistica_original,0,Regressão Logística,original,2212,31,484,136,0.780645,-2877925.9875,-1005.213408,0.820119,0.814371,0.219355,0.345616,0.808236,0.611997,1,2863,0.216556
logistica_balanceada,1,Regressão Logística,balanceado,1594,649,130,490,0.209677,187459.4775,65.47659,0.727908,0.430202,0.790323,0.557135,0.829391,0.638406,1,2863,0.216556
arvore_original,2,Árvore de Decisão,original,2067,176,130,490,0.209677,712755.605,248.954106,0.893119,0.735736,0.790323,0.762053,0.855928,0.626875,1,2863,0.216556
arvore_balanceada,3,Árvore de Decisão,balanceado,2086,157,143,477,0.230645,520669.2625,181.861426,0.895215,0.752366,0.769355,0.760766,0.84968,0.628784,1,2863,0.216556
naive_original,4,Gaussian Naive Bayes,original,2170,73,423,197,0.682258,-2117563.7925,-739.631084,0.826755,0.72963,0.317742,0.442697,0.794208,0.588054,1,2863,0.216556
naive_balanceado,5,Gaussian Naive Bayes,balanceado,1399,844,128,492,0.206452,11871.11,4.146388,0.660496,0.368263,0.793548,0.503067,0.794208,0.588054,1,2863,0.216556
knn_original,6,KNN,original,2180,63,226,394,0.364516,5921.9175,2.068431,0.899057,0.862144,0.635484,0.731662,0.870361,0.760582,1,2863,0.216556
knn_balanceado,7,KNN,balanceado,1833,410,132,488,0.212903,592627.8775,206.995417,0.810688,0.54343,0.787097,0.642951,0.858062,0.667409,1,2863,0.216556
forest_original,8,Random Forest,original,2232,11,158,462,0.254839,645008.7725,225.291223,0.940971,0.976744,0.745161,0.84538,0.942912,0.903412,1,2863,0.216556
forest_balanceada,9,Random Forest,balanceado,2196,47,133,487,0.214516,868616.07,303.393667,0.937129,0.911985,0.785484,0.844021,0.942654,0.901565,1,2863,0.216556
xgboost_original,10,XGBoost,original,2223,20,149,471,0.240323,774263.0125,270.437657,0.940971,0.959267,0.759677,0.847885,0.950852,0.912112,1,2863,0.216556
xgboost_balanceado,11,XGBoost,balanceado,2131,112,114,506,0.183871,943922.275,329.696918,0.921062,0.81877,0.816129,0.817447,0.952909,0.912206,1,2863,0.216556
lightgbm_original,12,LightGBM,original,2238,5,157,463,0.253226,669026.3725,233.680186,0.943416,0.989316,0.746774,0.851103,0.953093,0.916414,1,2863,0.216556
lightgbm_balanceado,13,LightGBM,balanceado,2129,114,111,509,0.179032,1044134.29,364.699368,0.921411,0.817014,0.820968,0.818986,0.953389,0.914645,1,2863,0.216556
logistica_original,0,Regressão Logística,original,2213,30,487,133,0.785484,-2893654.115,-1010.706991,0.81942,0.815951,0.214516,0.339719,0.784993,0.58014,2,2863,0.216556
logistica_balanceada,1,Regressão Logística,balanceado,1586,657,149,471,0.240323,116801.9875,40.797062,0.718477,0.417553,0.759677,0.538902,0.810309,0.594303,2,2863,0.216556
arvore_original,2,Árvore de Decisão,original,2070,173,147,473,0.237097,601196.4225,209.988272,0.888229,0.732198,0.762903,0.747235,0.842887,0.609941,2,2863,0.216556
arvore_balanceada,3,Árvore de Decisão,balanceado,2090,153,149,471,0.240323,679469.2625,237.32772,0.894516,0.754808,0.759677,0.757235,0.845733,0.625454,2,2863,0.216556
naive_original,4,Gaussian Naive Bayes,original,2176,67,458,162,0.73871,-2522530.37,-881.079417,0.816626,0.707424,0.26129,0.381625,0.771966,0.52762,2,2863,0.216556
naive_balanceado,5,Gaussian Naive Bayes,balanceado,1455,788,168,452,0.270968,-251364.185,-87.79748,0.666085,0.364516,0.729032,0.486022,0.771966,0.52762,2,2863,0.216556
knn_original,6,KNN,original,2181,62,239,381,0.385484,-87452.4375,-30.545734,0.894866,0.860045,0.614516,0.716839,0.862696,0.74909,2,2863,0.216556
knn_balanceado,7,KNN,balanceado,1861,382,152,468,0.245161,439222.0275,153.413213,0.813482,0.550588,0.754839,0.636735,0.851816,0.670854,2,2863,0.216556
forest_original,8,Random Forest,original,2219,24,172,448,0.277419,608666.7325,212.597531,0.93154,0.949153,0.722581,0.820513,0.924205,0.875072,2,2863,0.216556
forest_balanceada,9,Random Forest,balanceado,2188,55,148,472,0.23871,832579.4425,290.806651,0.929095,0.895636,0.76129,0.823017,0.92517,0.876419,2,2863,0.216556
xgboost_original,10,XGBoost,original,2223,20,169,451,0.272581,701832.84,245.138959,0.933985,0.957537,0.727419,0.826764,0.940742,0.89735,2,2863,0.216556
xgboost_balanceado,11,XGBoost,balanceado,2129,114,129,491,0.208065,987069.11,344.767415,0.915124,0.81157,0.791935,0.801633,0.944546,0.900312,2,2863,0.216556
lightgbm_original,12,LightGBM,original,2229,14,180,440,0.290323,621080.7925,216.933564,0.932239,0.969163,0.709677,0.819367,0.940697,0.895438,2,2863,0.216556
lightgbm_balanceado,13,LightGBM,balanceado,2131,112,126,494,0.203226,1001558.4775,349.828319,0.91687,0.815182,0.796774,0.805873,0.94138,0.896345,2,2863,0.216556
logistica_original,0,Regressão Logística,original,2211,32,478,142,0.770968,-2545372.745,-889.057892,0.821865,0.816092,0.229032,0.357683,0.786504,0.595111,3,2863,0.216556
logistica_balanceada,1,Regressão Logística,balanceado,1567,676,146,474,0.235484,39267.2675,13.715427,0.712889,0.412174,0.764516,0.535593,0.813108,0.583751,3,2863,0.216556
arvore_original,2,Árvore de Decisão,original,2070,173,141,479,0.227419,862759.2275,301.347966,0.890325,0.734663,0.772581,0.753145,0.847726,0.616835,3,2863,0.216556
arvore_balanceada,3,Árvore de Decisão,balanceado,2092,151,149,471,0.240323,769956.4425,268.933441,0.895215,0.757235,0.759677,0.758454,0.846178,0.627297,3,2863,0.216556
naive_original,4,Gaussian Naive Bayes,original,2170,73,457,163,0.737097,-2424597.8025,-846.873141,0.814879,0.690678,0.262903,0.380841,0.771723,0.513628,3,2863,0.216556
naive_balanceado,5,Gaussian Naive Bayes,balanceado,1464,779,155,465,0.25,-185545.2175,-64.80797,0.673769,0.373794,0.75,0.498927,0.771723,0.513628,3,2863,0.216556
knn_original,6,KNN,original,2182,61,242,378,0.390323,50955.6075,17.797977,0.894167,0.861048,0.609677,0.713881,0.866787,0.751797,3,2863,0.216556
knn_balanceado,7,KNN,balanceado,1865,378,151,469,0.243548,602665.7725,210.501492,0.815229,0.553719,0.756452,0.6394,0.855408,0.664906,3,2863,0.216556
forest_original,8,Random Forest,original,2226,17,175,445,0.282258,737440.9075,257.576286,0.932937,0.963203,0.717742,0.822551,0.926792,0.877282,3,2863,0.216556
forest_balanceada,9,Random Forest,balanceado,2184,59,156,464,0.251613,844966.0825,295.133106,0.924904,0.887189,0.748387,0.811899,0.933945,0.882068,3,2863,0.216556
xgboost_original,10,XGBoost,original,2220,23,170,450,0.274194,788204.58,275.307223,0.932588,0.951374,0.725806,0.823422,0.947082,0.898541,3,2863,0.216556
xgboost_balanceado,11,XGBoost,balanceado,2129,114,135,485,0.217742,929559.1325,324.680102,0.913028,0.809683,0.782258,0.795734,0.946358,0.897299,3,2863,0.216556
lightgbm_original,12,LightGBM,original,2230,13,179,441,0.28871,717724.0,250.689487,0.932937,0.971366,0.71129,0.821229,0.94648,0.897244,3,2863,0.216556
lightgbm_balanceado,13,LightGBM,balanceado,2125,118,140,480,0.225806,877729.56,306.576863,0.909885,0.802676,0.774194,0.788177,0.946523,0.895082,3,2863,0.216556
logistica_original,0,Regressão Logística,original,2210,33,468,152,0.754839,-2635857.9925,-920.662938,0.825009,0.821622,0.245161,0.37764,0.808733,0.599393,4,2863,0.216556
logistica_balanceada,1,Regressão Logística,balanceado,1615,628,136,484,0.219355,101057.675,35.297826,0.733147,0.435252,0.780645,0.558891,0.836309,0.62856,4,2863,0.216556
arvore_original,2,Árvore de Decisão,original,2079,164,145,475,0.233871,734233.945,256.456146,0.892071,0.743349,0.766129,0.754567,0.846506,0.620147,4,2863,0.216556
arvore_balanceada,3,Árvore de Decisão,balanceado,2085,158,149,471,0.240323,638171.4775,222.903066,0.89277,0.748808,0.759677,0.754203,0.844618,0.620896,4,2863,0.216556
naive_original,4,Gaussian Naive Bayes,original,2180,63,438,182,0.706452,-2218350.6925,-774.834332,0.825009,0.742857,0.293548,0.420809,0.79896,0.561808,4,2863,0.216556
naive_balanceado,5,Gaussian Naive Bayes,balanceado,1506,737,151,469,0.243548,-119243.0725,-41.649694,0.689836,0.388889,0.756452,0.513691,0.79896,0.561808,4,2863,0.216556
knn_original,6,KNN,original,2189,54,231,389,0.372581,55948.815,19.542024,0.900454,0.878104,0.627419,0.731891,0.863796,0.755124,4,2863,0.216556
knn_balanceado,7,KNN,balanceado,1849,394,149,471,0.240323,521355.2675,182.101037,0.810339,0.544509,0.759677,0.634343,0.847961,0.644271,4,2863,0.216556
forest_original,8,Random Forest,original,2223,20,164,456,0.264516,691507.8,241.532588,0.935732,0.957983,0.735484,0.832117,0.936811,0.887041,4,2863,0.216556
forest_balanceada,9,Random Forest,balanceado,2183,60,153,467,0.246774,784728.035,274.092922,0.925603,0.886148,0.753226,0.814298,0.937281,0.884698,4,2863,0.216556
xgboost_original,10,XGBoost,original,2228,15,156,464,0.251613,808379.09,282.353856,0.940272,0.968685,0.748387,0.844404,0.953721,0.910461,4,2863,0.216556
xgboost_balanceado,11,XGBoost,balanceado,2141,102,123,497,0.198387,976985.0225,341.245205,0.921411,0.829716,0.801613,0.815422,0.951252,0.90699,4,2863,0.216556
lightgbm_original,12,LightGBM,original,2234,9,165,455,0.266129,736221.47,257.150356,0.939225,0.980603,0.733871,0.839483,0.952098,0.906536,4,2863,0.216556
lightgbm_balanceado,13,LightGBM,balanceado,2139,104,123,497,0.198387,1062271.3575,371.034355,0.920713,0.826955,0.801613,0.814087,0.952586,0.906994,4,2863,0.216556
logistica_original,0,Regressão Logística,original,2204,39,472,148,0.76129,-2473638.96,-864.002431,0.821516,0.791444,0.23871,0.366791,0.802847,0.590779,5,2863,0.216556
logistica_balanceada,1,Regressão Logística,balanceado,1589,654,136,484,0.219355,115430.475,40.318014,0.724066,0.425308,0.780645,0.550626,0.820564,0.59014,5,2863,0.216556
arvore_original,2,Árvore de Decisão,original,2076,167,142,478,0.229032,874119.595,305.315961,0.892071,0.741085,0.770968,0.755731,0.848257,0.620951,5,2863,0.216556
arvore_balanceada,3,Árvore de Decisão,balanceado,2097,146,143,477,0.230645,883891.035,308.728968,0.899057,0.76565,0.769355,0.767498,0.852132,0.639004,5,2863,0.216556
naive_original,4,Gaussian Naive Bayes,original,2152,91,450,170,0.725806,-2280828.065,-796.656677,0.811037,0.651341,0.274194,0.385925,0.785853,0.522349,5,2863,0.216556
naive_balanceado,5,Gaussian Naive Bayes,balanceado,1440,803,139,481,0.224194,-82254.8,-28.730283,0.670975,0.374611,0.775806,0.505252,0.785853,0.522349,5,2863,0.216556
knn_original,6,KNN,original,2173,70,226,394,0.364516,146788.91,51.271013,0.896612,0.849138,0.635484,0.726937,0.871744,0.759502,5,2863,0.216556
knn_balanceado,7,KNN,balanceado,1859,384,143,477,0.230645,536999.46,187.565302,0.815927,0.554007,0.769355,0.644159,0.856911,0.658487,5,2863,0.216556
forest_original,8,Random Forest,original,2218,25,172,448,0.277419,714599.1975,249.598043,0.931191,0.947146,0.722581,0.819762,0.930947,0.880108,5,2863,0.216556
forest_balanceada,9,Random Forest,balanceado,2178,65,154,466,0.248387,857041.5025,299.350857,0.923507,0.877589,0.751613,0.809731,0.935591,0.884321,5,2863,0.216556
xgboost_original,10,XGBoost,original,2220,23,160,460,0.258065,856478.3925,299.154171,0.936081,0.952381,0.741935,0.834089,0.950655,0.907145,5,2863,0.216556
xgboost_balanceado,11,XGBoost,balanceado,2137,106,122,498,0.196774,1103455.645,385.419366,0.920363,0.824503,0.803226,0.813725,0.949452,0.906982,5,2863,0.216556
lightgbm_original,12,LightGBM,original,2232,11,168,452,0.270968,804506.8375,281.00134,0.937478,0.976242,0.729032,0.834718,0.949945,0.904285,5,2863,0.216556
lightgbm_balanceado,13,LightGBM,balanceado,2125,118,127,493,0.204839,1008826.9525,352.367081,0.914425,0.806874,0.795161,0.800975,0.948814,0.902644,5,2863,0.216556
logistica_original,0,Regressão Logística,original,2171,72,454,166,0.732258,-2106422.57,-735.739633,0.816277,0.697479,0.267742,0.386946,0.811819,0.578771,6,2863,0.216556
logistica_balanceada,1,Regressão Logística,balanceado,1610,633,135,485,0.217742,297252.3625,103.825485,0.73175,0.43381,0.782258,0.558113,0.823612,0.597371,6,2863,0.216556
arvore_original,2,Árvore de Decisão,original,2089,154,138,482,0.222581,853874.2325,298.24458,0.898009,0.757862,0.777419,0.767516,0.854381,0.637377,6,2863,0.216556
arvore_balanceada,3,Árvore de Decisão,balanceado,2100,143,137,483,0.220968,866200.85,302.55007,0.9022,0.771565,0.779032,0.775281,0.857639,0.648926,6,2863,0.216556
naive_original,4,Gaussian Naive Bayes,original,2172,71,458,162,0.73871,-2118720.2425,-740.035013,0.815229,0.695279,0.26129,0.379836,0.777434,0.522356,6,2863,0.216556
naive_balanceado,5,Gaussian Naive Bayes,balanceado,1444,799,155,465,0.25,-69082.89,-24.129546,0.666783,0.36788,0.75,0.493631,0.777434,0.522356,6,2863,0.216556
knn_original,6,KNN,original,2175,68,239,381,0.385484,174691.5475,61.016957,0.89277,0.848552,0.614516,0.712816,0.861056,0.736832,6,2863,0.216556
knn_balanceado,7,KNN,balanceado,1865,378,155,465,0.25,482776.85,168.626214,0.813832,0.551601,0.75,0.63568,0.847263,0.649147,6,2863,0.216556
forest_original,8,Random Forest,original,2212,31,165,455,0.266129,783176.0325,273.550832,0.93154,0.936214,0.733871,0.822785,0.938531,0.886426,6,2863,0.216556
forest_balanceada,9,Random Forest,balanceado,2166,77,143,477,0.230645,893403.9625,312.051681,0.923158,0.861011,0.769355,0.812606,0.938201,0.883672,6,2863,0.216556
xgboost_original,10,XGBoost,original,2219,24,156,464,0.251613,885693.3975,309.358504,0.937129,0.95082,0.748387,0.837545,0.954564,0.913356,6,2863,0.216556
xgboost_balanceado,11,XGBoost,balanceado,2134,109,114,506,0.183871,1120769.975,391.466984,0.92211,0.822764,0.816129,0.819433,0.951963,0.908143,6,2863,0.216556
lightgbm_original,12,LightGBM,original,2230,13,165,455,0.266129,840805.7825,293.67998,0.937827,0.972222,0.733871,0.836397,0.951825,0.908156,6,2863,0.216556
lightgbm_balanceado,13,LightGBM,balanceado,2133,110,120,500,0.193548,1080754.5925,377.490252,0.919665,0.819672,0.806452,0.813008,0.951088,0.905164,6,2863,0.216556
logistica_original,0,Regressão Logística,original,2197,46,492,128,0.793548,-2557427.445,-893.268406,0.812085,0.735632,0.206452,0.322418,0.783529,0.564005,7,2863,0.216556
logistica_balanceada,1,Regressão Logística,balanceado,1721,522,118,502,0.190323,448811.0625,156.762509,0.776458,0.490234,0.809677,0.610706,0.854938,0.658944,7,2863,0.216556
arvore_original,2,Árvore de Decisão,original,2059,184,136,484,0.219355,823506.2475,287.63753,0.888229,0.724551,0.780645,0.751553,0.849306,0.61312,7,2863,0.216556
arvore_balanceada,3,Árvore de Decisão,balanceado,2072,171,153,467,0.246774,677983.265,236.808685,0.886832,0.731975,0.753226,0.742448,0.838494,0.604783,7,2863,0.216556
naive_original,4,Gaussian Naive Bayes,original,2156,87,454,166,0.732258,-2343269.8075,-818.466576,0.811037,0.656126,0.267742,0.380298,0.780264,0.517117,7,2863,0.216556
naive_balanceado,5,Gaussian Naive Bayes,balanceado,1414,829,145,475,0.233871,-228794.3625,-79.914203,0.659797,0.364264,0.766129,0.493763,0.780264,0.517117,7,2863,0.216556
knn_original,6,KNN,original,2184,59,240,380,0.387097,5686.1875,1.986094,0.895564,0.865604,0.612903,0.717658,0.880296,0.761711,7,2863,0.216556
knn_balanceado,7,KNN,balanceado,1853,390,133,487,0.214516,577244.4675,201.622238,0.817324,0.555302,0.785484,0.650635,0.866734,0.678364,7,2863,0.216556
forest_original,8,Random Forest,original,2221,22,168,452,0.270968,664858.9475,232.224571,0.933636,0.953586,0.729032,0.826325,0.941516,0.895762,7,2863,0.216556
forest_balanceada,9,Random Forest,balanceado,2173,70,152,468,0.245161,806979.7225,281.865079,0.922459,0.869888,0.754839,0.80829,0.942226,0.894103,7,2863,0.216556
xgboost_original,10,XGBoost,original,2218,25,160,460,0.258065,802135.6525,280.173123,0.935382,0.948454,0.741935,0.832579,0.949248,0.905226,7,2863,0.216556
xgboost_balanceado,11,XGBoost,balanceado,2112,131,125,495,0.201613,972117.385,339.545017,0.910583,0.790735,0.798387,0.794543,0.944686,0.897979,7,2863,0.216556
lightgbm_original,12,LightGBM,original,2224,19,172,448,0.277419,666719.8725,232.874563,0.933287,0.959315,0.722581,0.824287,0.949968,0.903656,7,2863,0.216556
lightgbm_balanceado,13,LightGBM,balanceado,2115,128,122,498,0.196774,1010220.06,352.853671,0.912679,0.795527,0.803226,0.799358,0.949965,0.90297,7,2863,0.216556
logistica_original,0,Regressão Logística,original,2208,34,489,132,0.78744,-2802995.88,-979.041523,0.817324,0.795181,0.21256,0.335451,0.773858,0.568525,8,2863,0.216905
logistica_balanceada,1,Regressão Logística,balanceado,1625,617,158,463,0.254428,-58006.7025,-20.260811,0.729305,0.428704,0.745572,0.544386,0.810334,0.590361,8,2863,0.216905
arvore_original,2,Árvore de Decisão,original,2061,181,157,464,0.252818,473011.2625,165.215251,0.881942,0.71938,0.747182,0.733017,0.833225,0.592345,8,2863,0.216905
arvore_balanceada,3,Árvore de Decisão,balanceado,2071,171,173,448,0.278583,260639.6,91.037234,0.879846,0.723748,0.721417,0.722581,0.822573,0.58255,8,2863,0.216905
naive_original,4,Gaussian Naive Bayes,original,2177,65,462,159,0.743961,-2539023.72,-886.840279,0.815927,0.709821,0.256039,0.376331,0.786743,0.537801,8,2863,0.216905
naive_balanceado,5,Gaussian Naive Bayes,balanceado,1489,753,153,468,0.246377,-110009.2975,-38.424484,0.683549,0.383292,0.753623,0.508143,0.786743,0.537801,8,2863,0.216905
knn_original,6,KNN,original,2172,70,252,369,0.405797,-241478.925,-84.344717,0.887531,0.840547,0.594203,0.696226,0.848538,0.717758,8,2863,0.216905
knn_balanceado,7,KNN,balanceado,1841,401,170,451,0.273752,149051.29,52.061226,0.800559,0.529343,0.726248,0.612356,0.832643,0.622985,8,2863,0.216905
forest_original,8,Random Forest,original,2216,26,183,438,0.294686,401222.1075,140.14045,0.927,0.943966,0.705314,0.807373,0.923074,0.866815,8,2863,0.216905
forest_balanceada,9,Random Forest,balanceado,2177,65,161,460,0.259259,562328.6775,196.412392,0.921062,0.87619,0.740741,0.802792,0.923006,0.86375,8,2863,0.216905
xgboost_original,10,XGBoost,original,2214,28,177,444,0.285024,508092.28,177.468488,0.928397,0.940678,0.714976,0.812443,0.943935,0.896346,8,2863,0.216905
xgboost_balanceado,11,XGBoost,balanceado,2135,107,128,493,0.206119,842512.215,294.276009,0.917918,0.821667,0.793881,0.807535,0.942371,0.893541,8,2863,0.216905
lightgbm_original,12,LightGBM,original,2222,20,184,437,0.296296,396787.3325,138.591454,0.928746,0.956236,0.703704,0.810761,0.941538,0.892355,8,2863,0.216905
lightgbm_balanceado,13,LightGBM,balanceado,2134,108,135,486,0.217391,743838.435,259.81084,0.915124,0.818182,0.782609,0.8,0.941863,0.890812,8,2863,0.216905
logistica_original,0,Regressão Logística,original,2196,46,491,130,0.79066,-2816068.42,-983.607552,0.812435,0.738636,0.20934,0.326223,0.776446,0.537622,9,2863,0.216905
logistica_balanceada,1,Regressão Logística,balanceado,1521,721,152,469,0.244767,-114356.275,-39.942813,0.695075,0.394118,0.755233,0.517946,0.79351,0.543099,9,2863,0.216905
arvore_original,2,Árvore de Decisão,original,2072,170,157,464,0.252818,502711.6375,175.589115,0.885784,0.731861,0.747182,0.739442,0.835678,0.601671,9,2863,0.216905
arvore_balanceada,3,Árvore de Decisão,balanceado,2101,141,174,447,0.280193,383379.685,133.908378,0.889976,0.760204,0.719807,0.739454,0.828458,0.607975,9,2863,0.216905
naive_original,4,Gaussian Naive Bayes,original,2159,83,455,166,0.732689,-2426952.2525,-847.695513,0.812085,0.666667,0.267311,0.381609,0.760791,0.512527,9,2863,0.216905
naive_balanceado,5,Gaussian Naive Bayes,balanceado,1379,863,164,457,0.26409,-411378.6225,-143.687958,0.641285,0.346212,0.73591,0.470891,0.760791,0.512527,9,2863,0.216905
knn_original,6,KNN,original,2169,73,255,366,0.410628,-282945.015,-98.828158,0.885435,0.833713,0.589372,0.690566,0.863649,0.733891,9,2863,0.216905
knn_balanceado,7,KNN,balanceado,1834,408,141,480,0.227053,498990.7375,174.289465,0.808243,0.540541,0.772947,0.636183,0.849914,0.645825,9,2863,0.216905
forest_original,8,Random Forest,original,2213,29,176,445,0.283414,444533.225,155.268329,0.928397,0.938819,0.716586,0.812785,0.927008,0.87232,9,2863,0.216905
forest_balanceada,9,Random Forest,balanceado,2162,80,160,461,0.257649,528605.6325,184.633473,0.916172,0.852126,0.742351,0.79346,0.925625,0.870346,9,2863,0.216905
xgboost_original,10,XGBoost,original,2222,20,175,446,0.281804,468415.595,163.610058,0.93189,0.957082,0.718196,0.820607,0.941727,0.893224,9,2863,0.216905
xgboost_balanceado,11,XGBoost,balanceado,2121,121,128,493,0.206119,738098.9175,257.806119,0.913028,0.802932,0.793881,0.798381,0.942992,0.896604,9,2863,0.216905
lightgbm_original,12,LightGBM,original,2222,20,177,444,0.285024,437889.765,152.947875,0.931191,0.956897,0.714976,0.818433,0.940878,0.890086,9,2863,0.216905
lightgbm_balanceado,13,LightGBM,balanceado,2116,126,137,484,0.220612,636628.8875,222.364264,0.908138,0.793443,0.779388,0.786353,0.942151,0.890955,9,2863,0.216905
logistica_original,0,Regressão Logística,original,2191,51,473,147,0.762903,-2689238.0225,-939.635927,0.816911,0.742424,0.237097,0.359413,0.77513,0.559264,10,2862,0.216632
logistica_balanceada,1,Regressão Logística,balanceado,1550,692,158,462,0.254839,-169483.6475,-59.218605,0.703005,0.400347,0.745161,0.520857,0.802235,0.586067,10,2862,0.216632
arvore_original,2,Árvore de Decisão,original,2070,172,153,467,0.246774,585679.6825,204.640001,0.886443,0.730829,0.753226,0.741859,0.838254,0.603939,10,2862,0.216632
arvore_balanceada,3,Árvore de Decisão,balanceado,2078,164,149,471,0.240323,733936.83,256.441939,0.890636,0.741732,0.759677,0.750598,0.843264,0.615539,10,2862,0.216632
naive_original,4,Gaussian Naive Bayes,original,2169,73,438,182,0.706452,-2267870.8025,-792.407688,0.821454,0.713725,0.293548,0.416,0.770294,0.535161,10,2862,0.216632
naive_balanceado,5,Gaussian Naive Bayes,balanceado,1444,798,157,463,0.253226,-235550.5525,-82.302779,0.666317,0.367169,0.746774,0.492291,0.770294,0.535161,10,2862,0.216632
knn_original,6,KNN,original,2177,65,231,389,0.372581,81735.945,28.55903,0.896576,0.856828,0.627419,0.724395,0.862259,0.74255,10,2862,0.216632
knn_balanceado,7,KNN,balanceado,1873,369,148,472,0.23871,559157.0625,195.372838,0.819357,0.561237,0.76129,0.646133,0.849665,0.650349,10,2862,0.216632
forest_original,8,Random Forest,original,2212,30,162,458,0.26129,781251.8325,272.974085,0.932914,0.938525,0.73871,0.826715,0.923918,0.871674,10,2862,0.216632
forest_balanceada,9,Random Forest,balanceado,2167,75,145,475,0.233871,851725.84,297.598127,0.923131,0.863636,0.766129,0.811966,0.925086,0.868882,10,2862,0.216632
xgboost_original,10,XGBoost,original,2206,36,159,461,0.256452,760715.18,265.798456,0.931866,0.927565,0.743548,0.825425,0.941127,0.894209,10,2862,0.216632
xgboost_balanceado,11,XGBoost,balanceado,2113,129,123,497,0.198387,1001917.8725,350.076126,0.91195,0.79393,0.801613,0.797753,0.944965,0.89744,10,2862,0.216632
lightgbm_original,12,LightGBM,original,2221,21,171,449,0.275806,666052.5525,232.722765,0.932914,0.955319,0.724194,0.823853,0.944789,0.896125,10,2862,0.216632
lightgbm_balanceado,13,LightGBM,balanceado,2100,142,123,497,0.198387,947399.57,331.027103,0.907407,0.777778,0.801613,0.789515,0.94252,0.892378,10,2862,0.216632
